,index,Ethiopia-2019/4
0,0,0.0
1,1,26.0
2,2,27.0
3,3,0.0
4,4,0.0
5,5,1.0344827586
6,6,16.2
7,7,7.0
8,8,1.0909090909
9,9,1.8826484018
10,10,0.7945205479
11,11,0.8493150685
12,12,0.8219178082
13,13,15.2937595129
14,14,1.8219178082
15,15,0.8493150685
16,16,0.8493150685
17,17,0.8219178082
